DifferentialExpression	measured_in@Contrast	concerns@Gene	logFC	FC	pvalue	expression	signifiance	fdr
DE001	contrast1	AT001	-11.5741248327485	3049.00929422056	1.3364869977085e-09	cond1<cond2	-1	9.70851435297687e-07
DE002	contrast1	BN002	-11.2388325298478	2416.71650288007	8.0438336731249e-10	cond1<cond2	-1	9.70851435297687e-07
DE003	contrast2	AT001	8.35272150205517	326.903610768331	1.82953565833812e-09	cond1>cond2	1	9.70851435297687e-07
DE004	contrast2	BN002	9.20759897504639	591.239552393754	4.99876947134223e-10	cond1>cond2	1	9.70851435297687e-07