TF-Gene	concerns@TranscriptionFactor	regulate@Gene	edge_weight
TFG1	TF1	AT003	1.04296306E-2
TFG2	TF1	AT002	7.22706257E-3
TFG2	TF2	AT002	1.14476914E-2
TFG3	TF3	AT001	2.97652426E-4
TFG4	TF4	BN002	3.96717696E-3